{"v02.08-step-000000024": 3.859375, "v02.08-step-000000048": 4.40625, "v02.08-step-000000072": 4.5625, "v02.08-step-000000096": 4.625, "v02.08-step-000000120": 4.59375, "v02.08-step-000000144": 4.5625, "v02.08-step-000000168": 4.5625, "v02.08-step-000000192": 4.625, "v02.08-step-000000216": 4.625, "v02.08-step-000000240": 4.65625, "v02.08-step-000000264": 4.625, "v02.08-step-000000288": 4.59375, "v02.08-step-000000312": 4.71875, "v02.08-step-000000336": 4.59375, "v02.08-step-000000360": 4.75, "v02.08-step-000000384": 4.71875, "v02.08-step-000000408": 4.65625, "v02.08-step-000000432": 4.6875, "v02.08-step-000000462": 4.6875}