{"v02.00-step-000000029": 0.0, "v02.00-step-000000058": 0.03333333333333333, "v02.00-step-000000087": 0.03333333333333333, "v02.00-step-000000116": 0.0, "v02.00-step-000000145": 0.0, "v02.00-step-000000174": 0.0, "v02.00-step-000000203": 0.1, "v02.00-step-000000261": 0.03333333333333333, "v02.00-step-000000290": 0.0, "v02.00-step-000000319": 0.03333333333333333, "v02.00-step-000000348": 0.03333333333333333, "v02.00-step-000000377": 0.0, "v02.00-step-000000406": 0.0, "v02.00-step-000000435": 0.0, "v02.00-step-000000464": 0.0, "v02.00-step-000000493": 0.03333333333333333, "v02.00-step-000000522": 0.0, "v02.00-step-000000551": 0.0, "v02.00-step-000000571": 0.0}