{"v02.00-step-000000029": 0.03271484375, "v02.00-step-000000058": 2.25, "v02.00-step-000000087": 3.0625, "v02.00-step-000000116": 3.28125, "v02.00-step-000000145": 3.359375, "v02.00-step-000000174": 3.4375, "v02.00-step-000000203": 3.46875, "v02.00-step-000000261": 3.578125, "v02.00-step-000000290": 3.578125, "v02.00-step-000000319": 3.609375, "v02.00-step-000000348": 3.625, "v02.00-step-000000377": 3.65625, "v02.00-step-000000406": 3.625, "v02.00-step-000000435": 3.640625, "v02.00-step-000000464": 3.65625, "v02.00-step-000000493": 3.65625, "v02.00-step-000000522": 3.6875, "v02.00-step-000000551": 3.65625, "v02.00-step-000000571": 3.671875}