{"v02.00-step-000000029": 0.0303955078125, "v02.00-step-000000058": 2.09375, "v02.00-step-000000087": 2.859375, "v02.00-step-000000116": 3.0625, "v02.00-step-000000145": 3.140625, "v02.00-step-000000174": 3.21875, "v02.00-step-000000203": 3.25, "v02.00-step-000000261": 3.34375, "v02.00-step-000000290": 3.34375, "v02.00-step-000000319": 3.375, "v02.00-step-000000348": 3.390625, "v02.00-step-000000377": 3.421875, "v02.00-step-000000406": 3.390625, "v02.00-step-000000435": 3.40625, "v02.00-step-000000464": 3.421875, "v02.00-step-000000493": 3.421875, "v02.00-step-000000522": 3.4375, "v02.00-step-000000551": 3.421875, "v02.00-step-000000571": 3.4375}