{"v01.14-step-000000029": 1.0234375, "v01.14-step-000000058": 5.53125, "v01.14-step-000000087": 20.25, "v01.14-step-000000116": 33.0, "v01.14-step-000000145": 40.5, "v01.14-step-000000174": 55.25, "v01.14-step-000000203": 63.75, "v01.14-step-000000232": 78.5, "v01.14-step-000000261": 87.0, "v01.14-step-000000290": 92.0, "v01.14-step-000000319": 97.0, "v01.14-step-000000348": 97.0, "v01.14-step-000000377": 100.5, "v01.14-step-000000406": 106.5, "v01.14-step-000000435": 113.0, "v01.14-step-000000464": 113.5, "v01.14-step-000000493": 114.5, "v01.14-step-000000522": 116.5, "v01.14-step-000000551": 117.0, "v01.14-step-000000571": 121.5}