{"v01.14-step-000000029": 0.000698089599609375, "v01.14-step-000000058": 0.01409912109375, "v01.14-step-000000087": 0.068359375, "v01.14-step-000000116": 0.11572265625, "v01.14-step-000000145": 0.1416015625, "v01.14-step-000000174": 0.1953125, "v01.14-step-000000203": 0.224609375, "v01.14-step-000000232": 0.275390625, "v01.14-step-000000261": 0.3046875, "v01.14-step-000000290": 0.32421875, "v01.14-step-000000319": 0.34375, "v01.14-step-000000348": 0.345703125, "v01.14-step-000000377": 0.357421875, "v01.14-step-000000406": 0.37890625, "v01.14-step-000000435": 0.40234375, "v01.14-step-000000464": 0.40234375, "v01.14-step-000000493": 0.404296875, "v01.14-step-000000522": 0.412109375, "v01.14-step-000000551": 0.416015625, "v01.14-step-000000571": 0.4296875}