{"v01.14-step-000000029": 0.000934600830078125, "v01.14-step-000000058": 0.01422119140625, "v01.14-step-000000087": 0.06494140625, "v01.14-step-000000116": 0.10693359375, "v01.14-step-000000145": 0.130859375, "v01.14-step-000000174": 0.1787109375, "v01.14-step-000000203": 0.2060546875, "v01.14-step-000000232": 0.251953125, "v01.14-step-000000261": 0.28125, "v01.14-step-000000290": 0.298828125, "v01.14-step-000000319": 0.31640625, "v01.14-step-000000348": 0.318359375, "v01.14-step-000000377": 0.330078125, "v01.14-step-000000406": 0.349609375, "v01.14-step-000000435": 0.37109375, "v01.14-step-000000464": 0.375, "v01.14-step-000000493": 0.375, "v01.14-step-000000522": 0.3828125, "v01.14-step-000000551": 0.388671875, "v01.14-step-000000571": 0.40234375}