{"v01.14-step-000000029": 0.2421875, "v01.14-step-000000058": 3.84375, "v01.14-step-000000087": 18.625, "v01.14-step-000000116": 30.0, "v01.14-step-000000145": 34.75, "v01.14-step-000000174": 46.25, "v01.14-step-000000203": 53.0, "v01.14-step-000000232": 64.0, "v01.14-step-000000261": 69.5, "v01.14-step-000000290": 71.5, "v01.14-step-000000319": 76.5, "v01.14-step-000000348": 77.5, "v01.14-step-000000377": 79.5, "v01.14-step-000000406": 83.5, "v01.14-step-000000435": 87.0, "v01.14-step-000000464": 89.5, "v01.14-step-000000493": 88.0, "v01.14-step-000000522": 88.5, "v01.14-step-000000551": 89.5, "v01.14-step-000000571": 91.0}